,StationID,Longitude,Latitude,Height,Remark
33,65,8.595545,47.409209000000004,430,"Wallisellen, Glatt"
34,66,8.595545,47.409209000000004,430,"Wallisellen, Zentrum Glatt"
77,176,8.521961,47.351679,0,Zimmerberg-Basistunnel
2635,8502220,8.434713,47.390882,442,Urdorf
2636,8502221,8.437543,47.357432,488,Birmensdorf ZH
2637,8502222,8.468175,47.325896,528,Bonstetten-Wettswil
2643,8502229,8.43033,47.380971,456,Urdorf Weihermatt
2740,8502559,8.463472,47.368305,588,"Waldegg, Birmensdorferstrasse"
2753,8502572,8.513917999999999,47.370293,421,"Zürich, Goldbrunnenplatz"
2871,8502876,8.438705,47.338209,537,"Aesch ZH, Gemeindehaus"
2880,8502885,8.467781,47.315088,528,"Bonstetten, Dorfplatz"
2895,8502950,8.437173,47.353936,468,"Birmensdorf ZH, Zentrum"
2930,8503000,8.540192,47.378177,408,Zürich HB
2931,8503001,8.48894,47.391481,399,Zürich Altstetten
2932,8503003,8.548466000000001,47.366611,411,Zürich Stadelhofen
2933,8503004,8.561372,47.350124,408,Zürich Tiefenbrunnen
2934,8503006,8.544115,47.411528999999994,442,Zürich Oerlikon
2935,8503007,8.544636,47.418746999999996,442,Zürich Seebach
2936,8503008,8.508564999999999,47.420913,456,Zürich Affoltern
2937,8503009,8.533588,47.34744,409,Zürich Wollishofen
2938,8503010,8.530805,47.364098999999996,409,Zürich Enge
2939,8503011,8.523462,47.371472,405,Zürich Wiedikon
2940,8503015,8.529359,47.393032,425,Zürich Wipkingen
2941,8503016,8.562386,47.450383,430,Zürich Flughafen
2942,8503020,8.517106,47.385195,415,Zürich Hardbrücke
2943,8503051,8.518424000000001,47.362632,421,Zürich Binz
2944,8503052,8.507942,47.364781,446,Zürich Friesenberg
2945,8503053,8.503047,47.364988000000004,459,Zürich Schweighof
2946,8503054,8.495197000000001,47.364996999999995,485,Zürich Triemli
2947,8503055,8.46598,47.365836,620,Uitikon Waldegg
2948,8503056,8.477376,47.360229,682,Ringlikon
2949,8503057,8.487653,47.352364,813,Uetliberg
2950,8503059,8.54813,47.366353000000004,411,Zürich Stadelhofen FB
2956,8503065,8.647967999999999,47.325340000000004,689,Forch
2957,8503066,8.623806,47.331689000000004,659,Zumikon
2958,8503067,8.6034,47.346056,611,Zollikerberg
2959,8503068,8.631071,47.328178,659,Maiacher
2960,8503069,8.583203999999999,47.351015999999994,524,Zürich Rehalp
2963,8503074,8.637845,47.325814,675,Neue Forch
2964,8503075,8.617026,47.336796,651,Waltikon
2965,8503077,8.596796000000001,47.347318,602,Spital Zollikerberg
2966,8503078,8.593024,47.345476,590,Waldburg
2967,8503081,8.507416000000001,47.310140000000004,810,Felsenegg
2968,8503082,8.520055000000001,47.31317,452,Adliswil (Luftseilbahnstation)
2969,8503083,8.560281,47.368089000000005,443,"Zürich, Römerhof"
2970,8503084,8.574530000000001,47.373203000000004,606,"Zürich, Dolder"
2971,8503086,8.526232,47.352123999999996,422,Zürich Brunau
2972,8503087,8.522143,47.357407,420,Zürich Saalsporthalle
2973,8503088,8.53917,47.377431,396,Zürich HB SZU
2974,8503089,8.535652,47.296571,458,Wildpark-Höfli
2975,8503090,8.532033,47.372938,414,Zürich Selnau
2976,8503091,8.521849000000001,47.362456,418,Zürich Giesshübel
2977,8503093,8.519679,47.338378000000006,431,Zürich Manegg
2978,8503094,8.519603,47.334601,435,Zürich Leimbach
2979,8503095,8.521441000000001,47.319571,443,Sood-Oberleimbach
2980,8503096,8.524164,47.312304,452,Adliswil
2983,8503099,8.525247,47.303155,456,Sihlau
2984,8503100,8.569717,47.337332,415,Zollikon
2985,8503101,8.580615,47.319153,415,Küsnacht ZH
2986,8503102,8.591503999999999,47.305786,419,Erlenbach ZH
2995,8503111,8.598975,47.297201,520,Winkel am Zürichsee
3010,8503127,8.658659,47.384381,443,Schwerzenbach ZH
3011,8503128,8.623407,47.400076,440,Dübendorf
3012,8503129,8.591911,47.412717,431,Wallisellen
3023,8503141,8.575951,47.326854,417,Küsnacht Goldbach
3024,8503147,8.596132,47.397213,450,Stettbach
3028,8503154,8.667555,47.381903,475,"Volketswil, Volkiland Chliriet"
3069,8503200,8.547999,47.324428000000005,424,Kilchberg
3070,8503201,8.555150999999999,47.307133,433,Rüschlikon
3071,8503202,8.564755,47.295975,435,Thalwil
3155,8503306,8.619255,47.420195,445,Dietlikon
3156,8503307,8.626199,47.438564,455,Bassersdorf
3157,8503308,8.583791,47.448608,447,Kloten
3158,8503309,8.570701,47.442287,440,Kloten Balsberg
3159,8503310,8.558832,47.430826,432,Glattbrugg
3160,8503311,8.532745,47.454066999999995,430,Rümlang
3174,8503340,8.561769,47.429952,427,Opfikon
3236,8503446,8.541715,47.378846,480,Zürich Landesmuseum (See)
3237,8503447,8.541964,47.371027000000005,406,Zürich Storchen
3238,8503449,8.537164,47.359136,409,Zürich Enge (See)
3259,8503499,8.544038,47.376539,409,Zürich Central (Polybahn)
3260,8503500,8.546402,47.376858,446,Zürich Polyterrasse
3268,8503509,8.447227999999999,47.399175,393,Schlieren
3270,8503512,8.420423,47.398875,389,Glanzenberg
3272,8503526,8.472064,47.436563,442,Regensdorf-Watt
3276,8503551,8.461696,47.352292,489,"Birmensdorf ZH, Landikon Bach"
3299,8503578,8.456272,47.360093,560,"Birmensdorf ZH, Sternen/WSL"
3300,8503579,8.450792999999999,47.359458000000004,550,"Birmensdorf ZH, Obere Risi"
3301,8503580,8.447859,47.368109999999994,527,"Uitikon, Schlössli"
3321,8503610,8.495378,47.368152,453,"Zürich, Triemli"
3352,8503651,8.540788000000001,47.366009999999996,406,Zürich Bürkliplatz (See)
3353,8503653,8.553125,47.352624,406,Zürichhorn (See)
3354,8503655,8.567523,47.338685,415,Zollikon (See)
3355,8503657,8.577914,47.319018,406,Küsnacht ZH (See)
3356,8503659,8.589302,47.303028000000005,419,Erlenbach ZH (See)
3369,8503674,8.568049,47.296690000000005,435,Thalwil (See)
3370,8503675,8.55838,47.309773,433,Rüschlikon (See)
3371,8503677,8.551783,47.322556,406,Kilchberg ZH (See)
3373,8503681,8.536699,47.34554,406,Zürich Wollishofen (See)
3374,8503682,8.583922,47.308640999999994,406,Küsnacht ZH Heslibach
3382,8503690,8.490338000000001,47.326776,550,"Stallikon, Dorf"
3383,8503691,8.488822,47.333760999999996,550,"Stallikon, Bleiki"
3384,8503692,8.474344,47.337715,562,"Wettswil a.A., Dorf"
3385,8503693,8.466689,47.345627,562,"Wettswil a.A., Heidenchilen"
3386,8503694,8.493343,47.311457,550,"Stallikon, Gamlikon"
3388,8503696,8.482075,47.343294,550,"Stallikon, Sellenbüren"
3390,8503698,8.447051,47.359706,539,"Birmensdorf ZH, Untere Risi"
3391,8503699,8.454141,47.370537,557,"Uitikon, Dorf"
3392,8503700,8.626136,47.438718,455,"Bassersdorf, Bahnhof"
3395,8503709,8.462003,47.368336,585,"Waldegg, Post"
3462,8503791,8.557191,47.288367,435,"Thalwil, Ebnet"
3478,8503862,8.533142999999999,47.287707,478,"Langnau a.A.,Schwerzi-Wildpark"
7036,8530471,8.546402,47.376858,446,Hochschulen
7037,8530472,8.548919999999999,47.385883,490,Zürich Seilbahn Rigiblick
7038,8530473,8.553414,47.387333,580,"Zürich, Rigiblick"
7157,8530647,8.652712,47.365759999999995,436,Fällanden (See)
7158,8530648,8.674927,47.364535,440,Greifensee (See)
7261,8530811,8.57502,47.354578000000004,477,Zürich Balgrist
7262,8530812,8.560623,47.36169,435,Zürich Hegibachplatz
7263,8530813,8.554083,47.364875,424,Zürich Kreuzplatz
7272,8530822,8.542632000000001,47.373233,408,Zürich Limmatquai
9628,8572595,8.420568,47.347126,527,"Birmensdorf ZH, Altenberg"
10091,8573160,8.539983,47.288613,468,"Langnau am Albis, Dorf"
10092,8573161,8.543696,47.28722,468,"Langnau-Gattikon, Bahnhof"
10095,8573164,8.559678,47.29034,435,"Thalwil, Feldstrasse"
10097,8573166,8.564894,47.291269,435,"Thalwil, Mühlebachplatz"
10098,8573167,8.564468,47.294917,435,"Thalwil, Zentrum"
10099,8573168,8.565124,47.295909,435,"Thalwil, Bahnhof"
10128,8573205,8.563727,47.450441,447,"Zürich Flughafen, Bahnhof"
10134,8573211,8.580197,47.453545,447,"Kloten, Zum Wilden Mann"
10135,8573213,8.570688,47.444779,447,"Zürich Flughafen, Werft"
10136,8573214,8.571692,47.440244,447,"Kloten, Balsberg Hardacher"
10153,8573233,8.580392,47.457671999999995,447,"Kloten, Kaserne Ost"
10154,8573234,8.581667,47.45962,447,"Kloten, Hohrainli"
10160,8573240,8.527583,47.462355,430,"Rümlang, Riedmatt"
10161,8573241,8.532636,47.453951,430,"Rümlang, Bahnhof"
10162,8573242,8.540269,47.449849,430,"Rümlang, Rümelbach"
10163,8573244,8.562735,47.438038,432,"Glattbrugg, Unterriet"
10544,8573710,8.524189,47.371429,405,"Zürich Wiedikon, Bahnhof"
10545,8573711,8.485158,47.368227000000005,408,"Zürich, Sädlenweg"
10546,8573712,8.470105,47.342240999999994,562,"Wettswil a.A., Bäumlisächer"
10547,8573713,8.474231,47.331869,562,"Wettswil a.A., Grund"
10548,8573714,8.465119,47.359619,555,"Ringlikon, Langwis"
10549,8573715,8.485911,47.302088,550,"Stallikon, Aumüli"
10550,8573716,8.48742,47.298773,550,"Stallikon, Tägerst"
10552,8573718,8.438805,47.356945,488,"Birmensdorf ZH, Bahnhof"
10553,8573719,8.438321,47.350895,470,"Birmensdorf ZH, Aescherstrasse"
10558,8573724,8.490606,47.320198,550,"Stallikon, Aegerten"
10559,8573725,8.439345,47.323631,675,"Islisberg, Dorf"
10560,8573726,8.4685,47.326298,528,"Bonstetten-Wettswil, Bahnhof"
10561,8573728,8.463061999999999,47.316632,538,"Bonstetten, Chrüzacher"
10562,8573729,8.472567999999999,47.314343,550,"Bonstetten, Isenbach"
10563,8573730,8.472429,47.324239,550,"Bonstetten, Lärchenhof"
10564,8573731,8.475895,47.349394000000004,550,"Stallikon, Diebis"
11327,8574610,8.447610000000001,47.375972999999995,248,"Uitikon, Wängi"
11331,8574615,8.448622,47.373473,555,"Uitikon, Gläseren"
11364,8574658,8.451404,47.372116999999996,555,"Uitikon, Roracher"
11389,8574684,8.458724,47.369256,555,"Uitikon, Halde"
11439,8574739,8.462348,47.364933,555,"Waldegg, Katholische Kirche"
11476,8574780,8.469503,47.358366,682,"Ringlikon, Dorf"
11576,8574898,8.465323,47.361974,620,"Ringlikon, Gättern"
11675,8575014,8.465034,47.366222,620,"Uitikon Waldegg, Bahnhof"
12656,8576127,8.659550999999999,47.383984999999996,443,"Schwerzenbach ZH, Bahnhof"
12665,8576139,8.668387,47.385249,460,"Volketswil, In der Höh"
12673,8576152,8.584347,47.452911,447,"Kloten, Kirchgasse"
12674,8576153,8.592055,47.451188,447,"Kloten, Rankstrasse"
12675,8576154,8.597738,47.449089,447,"Kloten, Oberfeld"
12676,8576155,8.60325,47.447685,447,"Kloten, Grubenstrasse"
12677,8576158,8.620484,47.445099,455,"Bassersdorf, Talgüetli"
12678,8576159,8.628763000000001,47.442945,455,"Bassersdorf, Schmitte"
12679,8576160,8.628127000000001,47.443582,455,"Bassersdorf, Löwen"
12680,8576161,8.629068,47.443554,455,"Bassersdorf, Gemeindehaus"
12698,8576182,8.560994,47.350415999999996,408,"Zürich Tiefenbrunnen, Bahnhof"
12699,8576183,8.567319,47.342797999999995,415,"Zollikon, Seestrasse"
12700,8576184,8.569778999999999,47.337763,415,"Zollikon, Bahnhof"
12701,8576185,8.57597,47.340752,415,"Zollikon, Gemeindehaus"
12702,8576186,8.581522,47.339852,415,"Zollikon, Höhestrasse"
12703,8576187,8.583264,47.343323999999996,415,"Zollikon, Allmend"
12704,8576188,8.585878,47.3449,415,"Zollikon, Schützenstrasse"
12705,8576189,8.588489,47.345701,415,"Zollikon, Rebwiesstrasse"
12706,8576193,8.545113,47.367093,408,"Zürich, Bellevue"
12707,8576194,8.550228,47.357797,415,"Zürich, Elektrowatt"
12708,8576195,8.547647,47.365414,415,"Zürich, Opernhaus"
12709,8576196,8.549471,47.36339,415,"Zürich, Kreuzstrasse"
12710,8576197,8.552059,47.360514,415,"Zürich, Feldeggstrasse"
12711,8576198,8.554203999999999,47.357991999999996,415,"Zürich, Höschgasse"
12712,8576199,8.556898,47.355169000000004,415,"Zürich, Fröhlichstrasse"
12713,8576200,8.559577,47.352282,408,"Zürich, Wildbachstrasse"
12714,8576201,8.566154,47.345921999999995,415,"Zollikon, Bahnübergang"
12715,8576202,8.56963,47.343207,415,"Zollikon, Felbenstrasse"
12716,8576203,8.572614999999999,47.340434,415,"Zollikon, Dufourplatz"
12717,8576204,8.575085000000001,47.336479,415,"Zollikon, Beugi"
12718,8576205,8.577515,47.335034,415,"Zollikon, Goldhaldenplatz"
12719,8576206,8.579655,47.331756,415,"Küsnacht ZH, Bühlstrasse"
12720,8576207,8.580461,47.329229999999995,415,"Küsnacht ZH, Goldbacherstrasse"
12721,8576208,8.582303,47.326288,415,"Küsnacht ZH, Boglerenstrasse"
12722,8576209,8.582576,47.322975,415,"Küsnacht ZH, Schiedhaldenstr."
12723,8576210,8.586827,47.321366999999995,415,"Küsnacht ZH, Schiedhaldensteig"
12724,8576211,8.58985,47.321652,415,"Küsnacht ZH, Schübel"
12725,8576214,8.602313,47.327788,585,"Itschnach, Dorf"
12726,8576215,8.606084,47.329027,585,"Itschnach, Fallacher"
12727,8576216,8.58451,47.319403,415,"Küsnacht ZH, Oberwacht"
12728,8576217,8.585554,47.3169,415,"Küsnacht ZH, Ob. Heslibachstr."
12729,8576218,8.589707,47.314421,415,"Küsnacht ZH, Bergstrasse"
12730,8576219,8.592221,47.313839,415,"Küsnacht ZH, Himmelistrasse"
12731,8576220,8.593202,47.315771999999996,415,"Küsnacht ZH, Hesligenstrasse"
12732,8576221,8.595278,47.314546,415,"Küsnacht ZH, Ränkestrasse"
12733,8576222,8.597237,47.315812,415,"Küsnacht ZH, Allmend"
12734,8576223,8.580869,47.319241,415,"Küsnacht ZH, Bahnhof"
12735,8576224,8.614773,47.332474,659,"Zumikon, Gössikon"
12736,8576225,8.618188,47.336109,651,"Zumikon, Waltikon"
12737,8576226,8.622922,47.332976,659,"Zumikon, Dorfzentrum"
12751,8576240,8.499375,47.402009,408,"Zürich, Meierhofplatz"
12752,8576241,8.483903999999999,47.412296000000005,408,"Zürich, Heizenholz"
12753,8576242,8.483169,47.417384999999996,408,"Zürich, Grünwald"
12754,8576243,8.471961,47.425788,600,"Regensdorf, Lettenhau"
12755,8576244,8.469255,47.429077,600,"Regensdorf, Obstgarten"
12756,8576245,8.466097999999999,47.431012,600,"Regensdorf, Zentrum"
12757,8576246,8.471074,47.431985,600,"Regensdorf, Ostring"
12758,8576248,8.477243,47.438999,442,"Watt, Geerenweg"
12759,8576249,8.480739,47.442223999999996,440,"Watt, Dorf"
12760,8576250,8.478000999999999,47.443913,442,"Watt, Schulhaus"
12761,8576251,8.477779,47.447477,442,"Watt, Laubisser"
12762,8576252,8.471086,47.449011999999996,460,"Watt, Haldensteig"
12763,8576253,8.466469,47.448161999999996,440,"Adlikon b. R., Dorf"
12771,8576262,8.506464,47.419222999999995,408,"Zürich, Zehntenhausplatz"
12772,8576263,8.501311,47.421367,408,"Zürich, Hungerbergstrasse"
12773,8576264,8.473246000000001,47.427756,600,"Regensdorf, Chrüzächer"
12774,8576265,8.468333,47.43352,440,"Regensdorf, Gemeindehaus"
12775,8576269,8.464728,47.438355,600,"Regensdorf, Dreispitz"
12776,8576270,8.461212,47.437505,600,"Regensdorf, Sportanlage Wisa."
12781,8576275,8.460944999999999,47.43122,600,"Regensdorf, Holenbach"
12784,8576278,8.466689,47.444491,440,"Regensdorf, Furtbächli"
12785,8576279,8.465905000000001,47.44161,600,"Regensdorf, Hardhölzli"
12786,8576280,8.47054,47.437944,600,"Regensdorf, Althard"
13151,8576699,8.477889999999999,47.332915,562,"Wettswil a.A., Schürli"
13190,8576743,8.480074,47.329567,562,"Wettswil a.A., Beerimoos"
15380,8579434,8.474542999999999,47.337713,562,"Wettswil a.A., Dettenbühl"
15384,8579440,8.478705999999999,47.334077,562,"Wettswil a.A., Chilenholzstr."
15385,8579442,8.47785,47.337683,590,"Wettswil a.A., Oberhusen"
15386,8579443,8.474715,47.33978,562,"Wettswil a.A., Eggächer"
15396,8579453,8.474089999999999,47.341675,562,"Wettswil a.A., Heissächerstr."
15414,8579472,8.472257,47.342681,562,"Wettswil a.A., Strumbergächer"
15436,8579495,8.47069,47.343773999999996,562,"Wettswil a.A., Rehweid"
15438,8579497,8.468966,47.34361,562,"Wettswil a.A., Langächer"
15681,8579843,8.577100999999999,47.461959,447,"Kloten, Sporthalle Ruebisbach"
15803,8579991,8.473391000000001,47.312447,590,"Bonstetten, Sunnenberg"
15804,8579994,8.474755,47.335012,550,"Wettswil a.A., Moosstrasse"
16023,8580301,8.565657,47.452653000000005,447,"Zürich Flughafen, OPC"
16120,8580432,8.578426,47.443911,447,"Kloten, Bramen"
16121,8580433,8.596478999999999,47.450936999999996,447,"Kloten, Graswinkel"
16122,8580434,8.587144,47.452244,447,"Kloten, Lindenstrasse"
16123,8580435,8.591925,47.450109999999995,447,"Kloten, Mühle"
16124,8580437,8.591028999999999,47.451567,447,"Kloten, Säntisstrasse"
16125,8580438,8.593261,47.453623,447,"Kloten, Wohnheim"
16129,8580443,8.568918,47.436377,427,"Glattbrugg, Riethofstrasse"
16134,8580448,8.535956,47.453551000000004,430,"Rümlang, Rumilobrücke"
16135,8580449,8.544789999999999,47.411496,408,"Zürich Oerlikon, Bahnhof"
16188,8580522,8.522397999999999,47.390795000000004,408,"Zürich, Escher-Wyss-Platz"
16201,8580536,8.573718,47.430842999999996,427,"Opfikon, Schulstrasse"
16459,8580912,8.501841,47.368903,435,"Zürich, Schaufelbergerstrasse"
16580,8581059,8.485294,47.339415,550,"Stallikon, Loomatt"
17012,8581666,8.455791,47.3189,550,"Bonstetten, Lätten"
17246,8581967,8.473424000000001,47.327783000000004,530,"Wettswil a.A., Schachenbach"
17759,8582752,8.445963,47.356072999999995,473,"Birmensdorf ZH, Weissenbrunnen"
18016,8583053,8.490171,47.323629,555,"Stallikon, Langfuren"
18073,8583214,8.429411,47.365724,472,"Birmensdorf ZH, Ristet"
18420,8583613,8.459632000000001,47.362744,560,"Waldegg, Leuen"
18534,8583731,8.461096000000001,47.352783,491,"Birmensdorf ZH, Landikon Dorf"
18551,8583755,8.436334,47.334523,555,"Aesch ZH, Heligenmattstrasse"
18589,8583805,8.462366000000001,47.316872,536,"Bonstetten, Dorfstrasse"
18647,8583870,8.437009,47.357176,475,"Birmensdorf ZH, Bahnhof Süd"
18924,8587347,8.536019,47.342731,415,"Zürich, Rote Fabrik"
18925,8587348,8.539338,47.377241,408,"Zürich, Bahnhofplatz/HB"
18926,8587349,8.541742,47.377559999999995,408,"Zürich, Bahnhofquai/HB"
18971,8587420,8.583891,47.448966,447,"Kloten, Bahnhof"
19153,8587651,8.595545,47.409209000000004,430,"Wallisellen, Glatt (Bus)"
19154,8587652,8.591002,47.405629,427,"Zürich, Altried"
19155,8587653,8.623636999999999,47.399731,440,"Dübendorf, Bahnhof"
19156,8587654,8.567632000000001,47.434509000000006,427,"Glattbrugg, Glatthof"
19157,8587655,8.592533999999999,47.41272,431,"Wallisellen, Bahnhof"
19250,8587799,8.568605,47.441615000000006,431,"Kloten Balsberg, Bahnhof"
19395,8587964,8.594764,47.307291,435,"Erlenbach ZH, Alterswohnheim"
19396,8587965,8.591241,47.305815,420,"Erlenbach ZH, Bahnhof"
19397,8587966,8.591342,47.30379,415,"Erlenbach ZH, Bahnhofstrasse"
19399,8587968,8.609034,47.307876,590,"Erlenbach ZH, Chapf"
19400,8587969,8.602393,47.306,530,"Erlenbach ZH, Erlenhöhe"
19401,8587970,8.607852000000001,47.307088,575,"Erlenbach ZH, Föhrenstrasse"
19402,8587971,8.593628,47.304919,430,"Erlenbach ZH, Im Loo"
19404,8587973,8.596635000000001,47.305779,470,"Erlenbach ZH, Im Vogelsang"
19405,8587974,8.593316999999999,47.30279,420,"Erlenbach ZH,Kirchgemeindehaus"
19407,8587976,8.597324,47.307626,490,"Erlenbach ZH, Rankstrasse"
19408,8587977,8.60219,47.299121,470,"Erlenbach ZH, Rebstrasse"
19409,8587978,8.600106,47.307256,520,"Erlenbach ZH, Sandfelsenstr."
19410,8587979,8.597897,47.302357,450,"Erlenbach ZH, Schulhaus"
19411,8587980,8.613502,47.307183,611,"Erlenbach ZH, Schützenhaus"
19505,8588078,8.543938,47.376846,408,"Zürich, Central"
19520,8588096,8.67298,47.381098,460,"Volketswil, Hofwisen"
19603,8588205,8.605336,47.306303,550,"Erlenbach ZH, Allmend"
19683,8588313,8.640531,47.430914,458,Baltenswil
19684,8588314,8.619087,47.420359000000005,448,"Dietlikon, Bahnhof"
19685,8588315,8.606771,47.447388000000004,450,"Kloten, Grindel"
19686,8588316,8.629366000000001,47.441464,455,"Bassersdorf, Dietlikonerstr."
19687,8588317,8.63574,47.438925,455,"Bassersdorf, Bächli"
19688,8588318,8.634848,47.425819,450,"Brüttisellen, Ob. Wangenstr."
19689,8588319,8.630695,47.423846999999995,447,"Brüttisellen, Zentrum"
19879,8588553,8.572058,47.452492,435,"Zürich Flughafen, Fracht"
20035,8588736,8.587161,47.454834999999996,447,"Kloten, Ackerstrasse"
20036,8588737,8.591550999999999,47.454871999999995,447,"Kloten, Geissbergstrasse"
20037,8588738,8.589925,47.455715999999995,447,"Kloten, Härdlen"
20038,8588739,8.575892,47.445096,447,"Kloten, Lägernstrasse"
20039,8588740,8.578750999999999,47.444879,447,"Kloten, Neubrunnenstrasse"
20040,8588742,8.587556,47.417266999999995,431,"Wallisellen, Bodenackerstrasse"
20041,8588743,8.588757000000001,47.419495,431,"Wallisellen, Frohheimstrasse"
20042,8588744,8.585533,47.416856,431,"Wallisellen, Kaserne"
20043,8588745,8.581944,47.418807,431,"Wallisellen, Steinacker"
20365,8589106,8.67232,47.38518,460,"Volketswil, Zimikon"
21488,8590318,8.479171000000001,47.391129,399,"Zürich, Farbhof"
21620,8590461,8.470044999999999,47.4459,436,"Adlikon b. R., Pächterried"
21622,8590463,8.533806,47.313598,457,"Adliswil, Badstrasse"
21623,8590464,8.524312,47.311780999999996,451,"Adliswil, Bahnhof"
21624,8590465,8.525617,47.309601,450,"Adliswil, Baumgartenweg"
21625,8590466,8.517739,47.316403,496,"Adliswil, Bodenacker"
21626,8590467,8.522098,47.301106,496,"Adliswil, Büchel"
21627,8590468,8.533686,47.320004,475,"Adliswil, Eichenweg"
21628,8590469,8.519079,47.314628000000006,493,"Adliswil, Feldblumenstrasse"
21629,8590470,8.529635,47.306882,502,"Adliswil, Friedhof"
21630,8590471,8.515592,47.320786,487,"Adliswil, Baldernstrasse"
21631,8590472,8.528927000000001,47.322117999999996,467,"Adliswil, Grüt"
21632,8590473,8.535769,47.315135999999995,475,"Adliswil, Hofackerstrasse"
21633,8590474,8.527645,47.313081,449,"Adliswil, Krone"
21634,8590475,8.522263,47.303345,487,"Adliswil, Landolt-Junker-Str."
21635,8590476,8.534389,47.318791999999995,479,"Adliswil, Ahornweg"
21636,8590477,8.531046,47.325453,471,"Adliswil, Moos"
21637,8590478,8.525201,47.313203,448,"Adliswil, Poststrasse"
21638,8590479,8.516353,47.31916,488,"Adliswil, Zopf"
21639,8590480,8.531827,47.309946999999994,480,"Adliswil, Rifertstrasse"
21640,8590481,8.532202999999999,47.30702,509,"Adliswil, Rütistrasse/Wacht"
21641,8590482,8.534448,47.308797999999996,494,"Adliswil, Schulhaus Kopfholz"
21642,8590484,8.530018,47.316567,447,"Adliswil, Tiefacker"
21643,8590485,8.528478,47.309196,479,"Adliswil, Tobelhof"
21644,8590486,8.522473,47.305915,473,"Adliswil, Wanneten-/Haldenstr."
21645,8590487,8.654729,47.330566999999995,628,"Aesch bei Maur, Im Brünneli"
21661,8590503,8.624624,47.444625,458,"Bassersdorf, Chlupfgasse"
21662,8590504,8.633608,47.361084000000005,571,"Benglen, Gerlisbrunnen"
21663,8590505,8.625153,47.358931,632,"Binz bei Maur, Fridlimatt"
21665,8590507,8.629667,47.421708,444,"Brüttisellen, Gsellhof"
21666,8590508,8.631364999999999,47.418812,443,"Brüttisellen, Haldenbrücke"
21667,8590510,8.59605,47.404383,429,"Dübendorf, Sport Heerenschürli"
21668,8590512,8.417392,47.397578,391,"Dietikon, Birmensdorferstrasse"
21680,8590526,8.424657,47.397175,395,"Dietikon, Schönenwerd"
21689,8590538,8.621433999999999,47.412068,442,"Dietlikon, Aegert"
21690,8590539,8.620805,47.42196,439,"Dietlikon, Bahnhof/Bad"
21691,8590540,8.624657000000001,47.416965000000005,435,"Dietlikon, Brandbachstrasse"
21692,8590541,8.616896,47.416585,441,"Dietlikon, Dornenstrasse"
21693,8590542,8.619558,47.413509000000005,436,"Dietlikon, Dübendorferstrasse"
21694,8590543,8.618518,47.426390999999995,442,"Dietlikon, Hofwiesen"
21695,8590544,8.614545,47.412139,437,"Dietlikon, Hörnligraben"
21696,8590545,8.621946000000001,47.414249,434,"Dietlikon, Industriestrasse"
21697,8590547,8.620394000000001,47.387909,442,"Dübendorf, Alterszentrum"
21698,8590548,8.624255999999999,47.400741,442,"Dübendorf, Bahnhof Nord"
21699,8590549,8.634576,47.394815,439,"Dübendorf, Bauhof"
21700,8590550,8.625618,47.397048,441,"Dübendorf, Bettlistrasse"
21701,8590551,8.631155,47.394662,441,"Dübendorf, Branzenäsch"
21702,8590552,8.605876,47.395720000000004,436,"Dübendorf, Breitibach"
21703,8590553,8.625196,47.405471999999996,433,"Dübendorf, Chriesmatt"
21704,8590554,8.616489,47.396997999999996,436,"Dübendorf, City Center"
21705,8590555,8.628708999999999,47.394876000000004,441,"Dübendorf, Claridenstrasse"
21706,8590556,8.630995,47.405871000000005,435,"Dübendorf, Eglishölzli"
21707,8590557,8.611443,47.401871,432,"Dübendorf, EMPA"
21708,8590558,8.627406,47.402382,436,"Dübendorf, Flugplatz"
21709,8590559,8.647466,47.393071,444,"Dübendorf, Gfenn"
21710,8590561,8.607660000000001,47.402152,430,"Dübendorf, Giessen"
21711,8590562,8.629932,47.396239,439,"Dübendorf, Glärnischstrasse"
21712,8590563,8.617158,47.391288,439,"Dübendorf, Grüzenstrasse"
21713,8590565,8.652011,47.394292,447,"Dübendorf, Heidenrietstrasse"
21714,8590566,8.599181,47.396085,439,"Dübendorf, Hoffnung"
21715,8590567,8.614718,47.391781,438,"Dübendorf, Högler"
21716,8590568,8.617583999999999,47.401556,433,"Dübendorf, Im Grund"
21717,8590569,8.596653,47.38949,484,"Dübendorf, Kämmaten"
21718,8590570,8.618201,47.389334999999996,440,"Dübendorf, Kirche Wil"
21719,8590571,8.621512,47.388149,443,"Dübendorf, Kreuzbühl"
21720,8590573,8.628914,47.389216,438,"Dübendorf, Kunsteisbahn"
21721,8590574,8.645746,47.394906,440,"Dübendorf, Lindenbühl"
21722,8590575,8.620298,47.398506,434,"Dübendorf, Lindenplatz"
21723,8590576,8.613608000000001,47.396703,436,"Dübendorf, Meiershofstrasse"
21724,8590577,8.616315,47.399923,433,"Dübendorf, Memphis"
21725,8590578,8.604274,47.404831,430,"Wallisellen, Neugut"
21726,8590579,8.601356,47.402845,431,"Dübendorf, Neugut Süd"
21727,8590580,8.616908,47.396166,437,"Dübendorf, Post"
21728,8590581,8.634874,47.391556,448,"Dübendorf, Raubbühl"
21729,8590582,8.607272,47.40015,431,"Dübendorf, Ringstrasse"
21730,8590583,8.60422,47.397535999999995,435,"Dübendorf, Ringwiesen"
21731,8590584,8.640234,47.394890999999994,439,"Dübendorf, Schossacher"
21732,8590586,8.623155,47.396516,435,"Dübendorf, Schwimmbad"
21733,8590587,8.633371,47.393056,447,"Dübendorf, Sonnenberg"
21734,8590588,8.603658,47.395437,436,"Dübendorf, Sonnental"
21735,8590589,8.620024,47.39689,438,"Dübendorf, Stadthaus"
21736,8590590,8.632467,47.390537,447,"Dübendorf, Sunnhalde"
21737,8590591,8.618275,47.398671,434,"Dübendorf, Unterdorf"
21738,8590592,8.61068,47.394295,437,"Dübendorf, Wasserfurren"
21739,8590593,8.617467999999999,47.39393,438,"Dübendorf, Zelglistrasse"
21740,8590594,8.619711,47.404278000000005,435,"Dübendorf, Zwinggarten"
21741,8590596,8.634393,47.35477,624,"Ebmatingen, Leeacherstrasse"
21742,8590597,8.652313000000001,47.340703000000005,625,"Ebmatingen, Looren"
21747,8590604,8.633617999999998,47.374532,452,"Fällanden, Bruggacher"
21748,8590605,8.634717,47.371588,482,"Fällanden, Eggler"
21749,8590606,8.640164,47.371809999999996,448,"Fällanden, Gemeindehaus"
21750,8590607,8.644353,47.37612,442,"Fällanden, Industrie"
21751,8590608,8.653594,47.359715,444,"Fällanden, Jugendherberge"
21752,8590609,8.645135,47.368511,446,"Fällanden, Neuhus"
21753,8590610,8.632479,47.368625,531,"Fällanden, Schützenhaus"
21754,8590611,8.642172,47.371007,446,"Fällanden, Wigarten"
21755,8590612,8.636215,47.372246999999994,454,"Fällanden, Zil"
21756,8590613,8.649564999999999,47.325746,686,"Forch, Bahnhof"
21762,8590619,8.419585000000001,47.398711,390,"Glanzenberg, Bahnhof"
21763,8590620,8.559357,47.430569,431,"Glattbrugg, Bahnhof"
21764,8590621,8.557356,47.428096999999994,438,"Glattbrugg, Frohbühlstrasse"
21765,8590622,8.563516,47.42855,433,"Glattbrugg, Giebeleichstrasse"
21766,8590623,8.569644,47.428094,433,"Glattbrugg, Halden"
21767,8590625,8.565694,47.428124,433,"Glattbrugg, Lättenwiesen"
21768,8590626,8.560503,47.425206,430,"Glattbrugg, Lindberghplatz"
21769,8590627,8.559325999999999,47.424065999999996,430,"Glattbrugg, Mode Center TMC"
21770,8590628,8.5697,47.427014,430,"Glattbrugg, Oberhusen"
21771,8590629,8.561119,47.430534,433,"Glattbrugg, Post"
21772,8590631,8.565752,47.433376,427,"Glattbrugg, Zentrum"
21773,8590632,8.576858999999999,47.422734000000005,428,"Glattbrugg, Zil"
21774,8590633,8.561166,47.422708,424,"Glattpark, Chavez-Allee"
21775,8590634,8.562631,47.424313,425,"Glattpark, Lindbergh-Allee"
21776,8590635,8.600049,47.38485,537,"Gockhausen, Ursprungstrasse"
21806,8590668,8.598092999999999,47.326589,566,"Itschnach, Rebweg"
21807,8590669,8.594014999999999,47.325865,531,"Itschnach, Tägermoos"
21808,8590670,8.540747999999999,47.319891999999996,513,"Kilchberg ZH, Altersheim"
21809,8590671,8.545751,47.318773,490,"Kilchberg ZH, Auf Brunnen"
21810,8590672,8.5396,47.329033,483,"Kilchberg ZH, Bächlerstrasse"
21811,8590673,8.548077000000001,47.324382,424,"Kilchberg ZH, Bahnhof"
21812,8590674,8.550609,47.322091,409,"Kilchberg ZH, Bendlikon"
21813,8590675,8.542835,47.322975,495,"Kilchberg ZH, Gottlieb-Binder"
21814,8590676,8.538945,47.318434,508,"Kilchberg ZH, Hallenbad"
21815,8590677,8.541847,47.332106,451,"Kilchberg ZH, Hornhaldenstr."
21816,8590678,8.541511,47.317771,511,"Kilchberg ZH, Kirche"
21817,8590679,8.535375,47.321706,500,"Kilchberg ZH, Spital"
21818,8590680,8.545395,47.324560999999996,474,"Kilchberg ZH, Kreuzstrasse"
21819,8590681,8.551128,47.319072999999996,412,"Kilchberg ZH, Lindt & Sprüngli"
21820,8590682,8.54067,47.32636,495,"Kilchberg ZH, Mythenstrasse"
21821,8590683,8.543146,47.329692,468,"Kilchberg ZH, Paradiessteig"
21822,8590684,8.547215,47.328726,408,"Kilchberg ZH, Paradiesstrasse"
21823,8590685,8.544456,47.327107,467,"Kilchberg ZH, Sanatorium"
21824,8590686,8.543005,47.324773,503,"Kilchberg ZH, Schlimbergstr."
21825,8590687,8.553296000000001,47.31772,410,"Kilchberg ZH, Schooren"
21826,8590688,8.549491,47.317307,443,"Kilchberg ZH, Schoorenstrasse"
21827,8590689,8.547798,47.321758,441,"Kilchberg ZH,Schulhaus Dorfstr"
21828,8590690,8.545228999999999,47.321675,480,"Kilchberg ZH, Schwelle"
21829,8590691,8.540372,47.324114,504,"Kilchberg ZH, Stockengut"
21830,8590692,8.543287,47.331984000000006,432,"Kilchberg ZH, Weinbergstrasse"
21831,8590693,8.584135,47.447956,448,"Kloten, Breitistrasse/Bahnhof"
21832,8590694,8.595452,47.44457,495,"Kloten, Buchhalden"
21833,8590696,8.577455,47.451207000000004,436,"Kloten, Obstgartenstrasse"
21834,8590697,8.581309,47.446059000000005,451,"Kloten, Schluefweg"
21835,8590698,8.587669,47.445844,469,"Kloten, Schulstrasse"
21836,8590699,8.581264,47.450746,438,"Kloten, Stadthaus"
21837,8590700,8.589861,47.444167,481,"Kloten, Wallisellenstrasse"
21838,8590701,8.587528,47.311502000000004,422,"Küsnacht ZH, Gartenstrasse"
21839,8590702,8.585099000000001,47.313568,417,"Küsnacht ZH, Hallenbad"
21840,8590703,8.589176,47.312484000000005,429,"Küsnacht ZH, Oberfeld"
21841,8590704,8.583907,47.316593,422,"Küsnacht ZH, Reform. Kirche"
21842,8590705,8.58188,47.318277,418,"Küsnacht ZH, Zentrum"
21848,8590711,8.631264,47.327923999999996,665,"Maiacher, Station"
21849,8590712,8.660815,47.351903,454,"Maur, Aschbach"
21852,8590715,8.660725,47.343358,513,"Maur, Platten"
21859,8590725,8.474086,47.405522,426,"Oberengstringen, Eggbühl"
21860,8590726,8.467947,47.407339,416,"Oberengstringen, Lanzrain"
21861,8590727,8.458745,47.410488,414,"Oberengstringen, Paradies"
21862,8590728,8.462602,47.409132,413,"Oberengstringen, Zentrum"
21874,8590740,8.577524,47.42468,451,"Opfikon, Aublick"
21875,8590741,8.575211999999999,47.425035,427,"Opfikon, Austrasse"
21876,8590742,8.561656,47.429602,435,"Opfikon, Bahnhof"
21877,8590743,8.571689,47.434497,435,"Opfikon, Bubenholz"
21878,8590744,8.577937,47.432221999999996,454,"Opfikon, Dorf"
21879,8590745,8.581965,47.423484,462,"Opfikon, Fernsicht"
21880,8590746,8.581373,47.424921000000005,456,"Opfikon, Grätzli"
21881,8590747,8.579092999999999,47.426769,447,"Opfikon, Grossacker"
21882,8590748,8.574335000000001,47.428039,430,"Opfikon, Neuwiesen"
21883,8590750,8.57959,47.42832,454,"Opfikon, Vreniker"
21884,8590751,8.620091,47.364065000000004,614,"Pfaffhausen, Feldhof"
21885,8590752,8.628558,47.368557,557,"Pfaffhausen, Pfaffenstein"
21886,8590753,8.624765,47.367049,583,"Pfaffhausen, Sängglen"
21887,8590754,8.467317999999999,47.434492,441,"Regensdorf, Altersheim"
21888,8590755,8.456529,47.439434999999996,434,"Regensdorf, Moosächer"
21889,8590756,8.464431,47.436028,437,"Regensdorf, Feldblumenstrasse"
21890,8590757,8.462372,47.446121000000005,433,"Regensdorf, Pumpwerkstrasse"
21891,8590758,8.462064,47.444577,433,"Regensdorf, Querstrasse"
21892,8590759,8.461678,47.439714,436,"Regensdorf, Strassenverkehrs."
21893,8590760,8.470112,47.430221,441,"Regensdorf, Zentrum Ost"
21894,8590762,8.557542,47.435075,424,"Rümlang, Bäuler"
21895,8590765,8.53475,47.438747,457,"Rümlang, Letten"
21896,8590766,8.530288,47.451966999999996,444,"Rümlang, Oberdorf"
21897,8590767,8.529824000000001,47.450065,460,"Rümlang, Gemeindehaus"
21898,8590768,8.527488,47.461591,421,"Rümlang, Riedmattstrasse"
21899,8590771,8.553599,47.308182,440,"Rüschlikon, Bahnhof"
21900,8590772,8.548656,47.307043,503,"Rüschlikon, Belvoir"
21901,8590773,8.552707,47.310421999999996,438,"Rüschlikon, Bodengasse"
21902,8590775,8.544306,47.304565999999994,513,"Rüschlikon, Eggrain"
21903,8590776,8.551108000000001,47.306075,486,"Rüschlikon, Langhaldenstrasse"
21904,8590777,8.541997,47.307367,514,"Rüschlikon, Loorain"
21905,8590779,8.545442999999999,47.302611999999996,512,"Rüschlikon, Moosstrasse"
21906,8590780,8.550367999999999,47.30037,506,"Rüschlikon, Park im Grüene"
21907,8590781,8.550763,47.312357,448,"Rüschlikon, Rebsteig"
21908,8590782,8.546165,47.30811,505,"Rüschlikon, Säumerstrasse"
21909,8590783,8.553792999999999,47.313686,422,"Rüschlikon, Schlossstrasse"
21910,8590784,8.552939,47.305706,463,"Rüschlikon, Weidstrasse"
21912,8590786,8.448545,47.399433,393,"Schlieren, Bahnhof"
21913,8590787,8.448194,47.399823,392,"Schlieren, Bahnhof Nord"
21914,8590788,8.448065,47.396487,397,"Schlieren, Brunngasse"
21915,8590790,8.447892,47.403424,392,"Schlieren, Feldstrasse"
21916,8590791,8.460605000000001,47.397609,395,"Schlieren, Gasometerbrücke"
21917,8590792,8.437484,47.394564,410,"Schlieren, Heimeliweg"
21918,8590793,8.463014,47.400952000000004,394,"Schlieren, Industrie Gaswerk"
21919,8590794,8.438869,47.396378000000006,392,"Schlieren, Kesslerstrasse"
21920,8590795,8.467798,47.395521,397,"Schlieren, Mülligen"
21921,8590796,8.441742,47.394851,400,"Schlieren, Nassacker"
21922,8590797,8.433386,47.397109,390,"Schlieren, Reitmen"
21923,8590799,8.453738000000001,47.400809,393,"Schlieren, Rütistrasse"
21924,8590800,8.429752,47.392616,408,"Schlieren, Spital Limmattal"
21925,8590801,8.426374000000001,47.39618,400,"Schlieren, Steinacker"
21926,8590802,8.447814,47.405619,392,"Schlieren, Talacker-Windegg"
21927,8590803,8.454184,47.398511,393,"Schlieren, Wagonsfabrik"
21928,8590804,8.447484,47.397265999999995,396,"Schlieren, Zentrum"
21929,8590805,8.447105,47.39824,393,"Schlieren, Zentrum/Bahnhof"
21930,8590806,8.652001,47.380502,439,"Schwerzenbach ZH, Dorf"
21932,8590811,8.559688000000001,47.296473999999996,461,"Thalwil, Aegertli"
21934,8590813,8.561729,47.296077000000004,451,"Thalwil, Archstrasse"
21938,8590818,8.567936,47.291940999999994,443,"Thalwil, In Reben"
21941,8590821,8.55083,47.299061,510,"Thalwil, Park im Grüene"
21942,8590822,8.561112,47.298161,437,"Thalwil, Pilgerweg"
21943,8590823,8.56837,47.289984999999994,474,"Thalwil, Platte"
21944,8590824,8.562657000000002,47.296814000000005,442,"Thalwil, Post"
21946,8590826,8.559265,47.293347999999995,478,"Thalwil, Rudishaldenstrasse"
21947,8590828,8.554522,47.297298,498,"Thalwil, Seehaldenstrasse"
21948,8590829,8.566028999999999,47.291195,465,"Thalwil, Trotte"
21949,8590830,8.570523,47.289901,449,"Thalwil, Zehntenstrasse"
21950,8590831,8.44603,47.41498,417,"Unterengstringen, Aegelsee"
21951,8590832,8.449032,47.410484000000004,399,"Unterengstringen, Eckstein"
21952,8590833,8.45316,47.412237,415,"Unterengstringen, Langacher"
21953,8590834,8.429969,47.380093,450,"Urdorf Weihermatt, Bahnhof"
21954,8590835,8.435405000000001,47.391073999999996,443,"Urdorf, Bahnhof"
21955,8590837,8.427339,47.391809,410,"Urdorf, Feldegg"
21956,8590838,8.424705,47.370422999999995,455,"Urdorf, Heinrich-Stutz-Strasse"
21957,8590839,8.417914999999999,47.393643,404,"Urdorf, Herweg"
21958,8590840,8.423376,47.393813,404,"Urdorf, Luberzen"
21959,8590841,8.420406,47.387209000000006,410,"Urdorf, Neumatt"
21960,8590842,8.422393,47.387183,408,"Urdorf, Neumattstrasse"
21961,8590843,8.418569999999999,47.390336,407,"Urdorf, Niederurdorf"
21962,8590844,8.423349,47.378746,437,"Urdorf, Oberurdorf"
21963,8590845,8.425334,47.389406,409,"Urdorf, Rainweg"
21964,8590846,8.423155,47.391161,407,"Urdorf, Schlierenstrasse"
21965,8590847,8.422535,47.381263,422,"Urdorf, Sonne"
21966,8590848,8.421824,47.384345,413,"Urdorf, Spitzacker"
21967,8590849,8.425930000000001,47.382259000000005,432,"Urdorf, Uitikonerstrasse"
21968,8590851,8.674896,47.389461,458,"Volketswil, Chappeli"
21969,8590852,8.674239,47.378269,445,"Volketswil, Milandia"
21994,8590878,8.473096,47.437103,441,"Regensdorf-Watt, Bahnhof"
21995,8590879,8.5933,47.345392,587,"Waldburg, Station"
21996,8590880,8.595469,47.418529,465,"Wallisellen, Alterszentrum"
21997,8590881,8.585823,47.414307,429,"Wallisellen, Belair"
21998,8590882,8.604482,47.413113,454,"Wallisellen, Blumenweg"
21999,8590883,8.600386,47.421583,467,"Wallisellen, Bützacker"
22000,8590884,8.597269,47.411701,432,"Wallisellen, Florastrasse"
22001,8590885,8.608103999999999,47.411511,442,"Wallisellen, Furtbach"
22002,8590886,8.591022,47.416369,452,"Wallisellen, Gemeindehaus"
22003,8590887,8.598696,47.417615000000005,459,"Wallisellen, Guyer-Weg"
22004,8590888,8.593453,47.417846999999995,458,"Wallisellen, Hallenbad"
22005,8590889,8.579071,47.416497,427,"Wallisellen, Herti"
22006,8590890,8.604986,47.410121999999994,436,"Wallisellen, Ifang"
22007,8590892,8.598494,47.419911,467,"Wallisellen, Lindenplatz"
22008,8590894,8.601613,47.41101,441,"Wallisellen, Riedenerstrasse"
22009,8590895,8.597853,47.412352,436,"Wallisellen, Rosenberg"
22010,8590896,8.599372,47.423671,474,"Wallisellen, Schäfligraben"
22011,8590897,8.605588000000001,47.410979,443,"Wallisellen, Spitzacker"
22012,8590898,8.606877,47.414771,452,"Wallisellen, Sportzentrum"
22013,8590899,8.59125,47.41401,436,"Wallisellen, Zentrum"
22014,8590900,8.604885000000001,47.414575,455,"Wallisellen, Zielacker"
22015,8590901,8.645885,47.41043,444,"Wangen b D'dorf, Dorfplatz"
22016,8590902,8.642729,47.410319,437,"Wangen b D'dorf, Hätzelwisen"
22017,8590903,8.646002000000001,47.407955,445,"Wangen b D'dorf, Oberdorf"
22018,8590904,8.6417,47.409332,436,"Wangen b D'dorf, Stierwisen"
22019,8590905,8.639861999999999,47.412454,436,"Wangen b D'dorf, Weidli"
22020,8590906,8.63759,47.408061,435,"Wangen, Flugsicherungsstrasse"
22021,8590907,8.638487,47.407872,435,"Wangen, Flugsicherungszentrum"
22022,8590908,8.481651,47.446129,442,"Watt, Brünigstrasse"
22023,8590910,8.444560000000001,47.415704,416,"Weiningen ZH, Aegelsee"
22024,8590911,8.439535000000001,47.417681,411,"Weiningen ZH, Ausserdorf"
22025,8590913,8.433937,47.419554999999995,413,"Weiningen ZH, Lindenplatz"
22026,8590914,8.428666999999999,47.41835,411,"Weiningen ZH, Schulhaus"
22121,8591023,8.598149000000001,47.346819,604,"Zollikerb., Langägerten/Spital"
22122,8591024,8.597106,47.349978,580,"Zollikerberg, Hasenbart"
22123,8591025,8.617965,47.344594,640,"Zollikerberg, Oberhueb"
22124,8591026,8.607013,47.348493,592,"Zollikerberg, Resirain"
22125,8591027,8.615558,47.347632,637,"Zollikerberg, Sennhof"
22126,8591028,8.602649000000001,47.346225,606,"Zollikerberg, Station"
22127,8591029,8.601951,47.350621999999994,565,"Zollikerberg, Trichtenhauserm."
22128,8591031,8.572915,47.458447,433,"Zürich Flughafen, REGA"
22129,8591032,8.550016000000001,47.444115999999994,419,"Zürich Flughafen, Werkhof"
22130,8591033,8.501311,47.392106,402,"Zürich, Aargauerstrasse"
22131,8591034,8.507712,47.351991999999996,502,"Zürich, Albisgütli"
22132,8591035,8.494669,47.379816999999996,410,"Zürich, Albisrank"
22133,8591036,8.484789,47.374383,433,"Zürich, Albisrieden"
22134,8591037,8.485218,47.375315,429,"Zürich, Albisriederdörfli"
22135,8591038,8.510396,47.378214,411,"Zürich, Albisriederplatz"
22136,8591039,8.507252000000001,47.397763,453,"Zürich, Alte Trotte"
22137,8591040,8.561415,47.355305,427,"Zürich, Altenhofstrasse"
22138,8591041,8.524061999999999,47.410703000000005,474,"Zürich, Althoos"
22139,8591043,8.507144,47.399626,480,"Zürich, Am Börtli"
22140,8591044,8.46941,47.391234000000004,437,"Zürich, Am Suteracher"
22141,8591045,8.509528,47.398911,506,"Zürich, Appenzellerstrasse"
22142,8591046,8.500589999999999,47.425088,451,"Zürich, Aspholz"
22143,8591047,8.572127,47.41088,426,"Zürich, Aubrücke"
22144,8591048,8.548559,47.424512,439,"Zürich, Ausserdorfstrasse"
22145,8591049,8.568116,47.416694,426,"Zürich, Auzelg"
22146,8591050,8.572166000000001,47.413345,432,"Zürich, Auzelg Ost"
22147,8591051,8.483048,47.388926,402,"Zürich, Bachmattstrasse"
22148,8591052,8.522872999999999,47.378332,409,"Zürich, Bäckeranlage"
22149,8591053,8.537784,47.405896000000006,456,"Zürich, Bad Allenmoos"
22150,8591054,8.507418,47.421184000000004,456,"Zürich Affoltern, Bahnhof"
22151,8591055,8.508507,47.420662,457,"Zürich Affoltern, Bahnhof Süd"
22152,8591056,8.488375999999999,47.391109,399,"Zürich Altstetten, Bahnhof"
22153,8591057,8.489905,47.392066,398,"Zürich Altstetten, Bahnhof N"
22154,8591058,8.531574,47.364128,409,"Zürich Enge, Bahnhof"
22155,8591059,8.530457,47.364552,414,"Zürich Enge, Bahnhof/Bederstr."
22156,8591060,8.517033999999999,47.384935,404,"Zürich Hardbrücke, Bahnhof"
22157,8591061,8.518596,47.333252,436,"Zürich Leimbach, Bahnhof"
22158,8591062,8.543934,47.412403999999995,441,"Zürich Oerlikon, Bahnhof Nord"
22159,8591063,8.545848,47.413339,438,"Zürich Oerlikon, Bahnhof Ost"
22160,8591064,8.532013000000001,47.370672,413,"Zürich Selnau, Bahnhof"
22161,8591065,8.596134,47.397276,440,"Stettbach, Bahnhof"
22162,8591066,8.529525999999999,47.393444,431,"Zürich Wipkingen, Bahnhof"
22163,8591067,8.539946,47.37656,408,"Zürich, Bahnhofstrasse/HB"
22164,8591068,8.485009,47.396356,397,"Zürich, Bändliweg"
22165,8591070,8.490144,47.388763,401,"Zürich, Baslerstrasse"
22166,8591071,8.540446000000001,47.384084,428,"Zürich, Beckenhof"
22167,8591072,8.590023,47.358503999999996,602,"Zürich, Berghaldenstrasse"
22168,8591073,8.547912,47.40364,462,"Zürich, Berninaplatz"
22169,8591074,8.508709,47.393765,401,"Zürich, Bernoulli-Häuser"
22170,8591075,8.513825,47.373585999999996,415,"Zürich, Bertastrasse"
22171,8591076,8.533327,47.404373,465,"Zürich, Berufswahlschule"
22172,8591077,8.527857000000001,47.34548,431,"Zürich, Besenrainstrasse"
22173,8591078,8.555206,47.381199,520,"Zürich, Bethanien"
22174,8591079,8.525556,47.374169,411,"Zürich, Bezirksgebäude"
22175,8591080,8.534345,47.347586,409,"Zürich Wollishofen, Bhf (Bus)"
22176,8591081,8.532917999999999,47.347033,411,"Zürich Wollishofen, Bhf (Tram)"
22177,8591082,8.531976,47.351468,413,"Zürich, Billoweg"
22178,8591083,8.511676,47.362839,430,"Zürich, Grubenstrasse"
22179,8591084,8.511047999999999,47.3619,431,"Zürich, Binz Center"
22180,8591085,8.546141,47.427403999999996,443,"Zürich, Birch-/Glatttalstrasse"
22181,8591086,8.530596000000001,47.407538,463,"Zürich, Birchdörfli"
22182,8591087,8.564798,47.375735999999996,531,"Zürich, Bircher-Benner"
22183,8591088,8.535851,47.413047,440,"Zürich, Birchstrasse"
22184,8591089,8.571593,47.347173,462,"Zürich, Bleulerstrasse"
22185,8591090,8.503978,47.424147999999995,449,"Zürich, Blumenfeldstrasse"
22186,8591091,8.56734,47.402607,455,"Zürich, Bocklerstrasse"
22187,8591092,8.537904,47.414287,440,"Zürich, Bollingerweg"
22188,8591093,8.539747,47.36817,409,"Zürich, Börsenstrasse"
22189,8591094,8.557833,47.359342,421,"Zürich, Botanischer Garten"
22190,8591095,8.533628,47.36937,411,"Zürich, Brandschenkestrasse"
22191,8591097,8.487058,47.390077000000005,400,"Zürich, Bristenstrasse"
22192,8591098,8.527141,47.355146999999995,429,"Zürich, Brunau/Mutschellenstr."
22193,8591100,8.532217999999999,47.356134000000004,419,"Zürich, Brunaustrasse"
22194,8591101,8.533284,47.39841,472,"Zürich, Bucheggplatz"
22195,8591102,8.588699,47.360928,596,"Zürich, Buchholz"
22196,8591103,8.538943,47.422256,448,"Zürich, Buhnstrasse"
22197,8591104,8.571864,47.358018,451,"Zürich, Burgwies"
22198,8591105,8.540341,47.366824,408,"Zürich, Bürkliplatz"
22199,8591106,8.530314,47.341409000000006,439,"Zürich, Butzenstrasse"
22200,8591107,8.586591,47.358323,585,"Zürich, Carl-Spitteler-Strasse"
22201,8591108,8.531219,47.41337,441,"Zürich, Chaletweg"
22202,8591109,8.552953,47.354514,411,"Zürich, Chinagarten"
22203,8591110,8.526391,47.388490000000004,404,"Zürich, Dammweg"
22204,8591111,8.529975,47.334548,457,"Zürich, Dangelstrasse"
22205,8591112,8.5488,47.407437,441,"Zürich, Dorflinde"
22206,8591113,8.567169,47.410794,428,"Zürich, Dreispitz"
22207,8591114,8.575643,47.378823,608,"Zürich, Dreiwiesen"
22208,8591115,8.578837,47.360341999999996,538,"Zürich, Drusbergstrasse"
22209,8591116,8.470054,47.38889,435,"Zürich, Dunkelhölzli"
22210,8591118,8.512926,47.4157,463,"Zürich, Einfangstrasse"
22211,8591119,8.558173,47.366733,432,"Zürich, Englischviertelstrasse"
22212,8591120,8.570659,47.348648,459,"Zürich, EPI-Klinik"
22213,8591121,8.512044,47.39627,444,"Zürich, Eschergutweg"
22214,8591122,8.507710000000001,47.408679,525,"Zürich, ETH Hönggerberg"
22215,8591123,8.548888,47.376682,454,"Zürich, ETH/Universitätsspital"
22216,8591124,8.553628999999999,47.425461,434,"Zürich, Ettenfeld"
22217,8591126,8.488417,47.375718,422,"Zürich, Fellenbergstrasse"
22218,8591127,8.545297,47.416789,436,"Zürich, Felsenrainstrasse"
22219,8591128,8.561746000000001,47.418178000000005,423,"Zürich, Fernsehstudio"
22220,8591130,8.471027000000001,47.395367,422,"Zürich, Feusisbergli"
22221,8591131,8.512122999999999,47.393571,401,"Zürich, Fischerweg"
22222,8591132,8.568039,47.38058,600,"Zürich, Flobotstrasse"
22223,8591133,8.569479,47.350459,458,"Zürich, Flühgasse"
22224,8591134,8.491945,47.381326,409,"Zürich, Flurstrasse"
22225,8591135,8.517155,47.392210999999996,402,"Zürich, Förrlibuckstrasse"
22226,8591136,8.481376,47.405699,431,"Zürich, Frankental"
22227,8591137,8.562975999999999,47.362801,451,"Zürich, Freiestrasse"
22228,8591138,8.499372,47.383228,408,"Zürich, Freihofstrasse"
22229,8591140,8.553194,47.405937,447,"Zürich, Friedackerstrasse"
22230,8591141,8.474533000000001,47.382877,449,"Zürich, Friedhof Eichbühl"
22231,8591142,8.580278,47.350972999999996,512,"Zürich, Friedhof Enzenbühl"
22232,8591143,8.494133999999999,47.408938,526,"Zürich, Friedhof Hönggerberg"
22233,8591144,8.537758,47.42135,449,"Zürich, Friedhof Schwandenholz"
22234,8591145,8.510893,47.375934,413,"Zürich, Friedhof Sihlfeld"
22235,8591146,8.500605,47.358705,523,"Zürich, Friedhof Uetliberg"
22236,8591147,8.60282,47.361344,623,"Zürich, Friedhof Witikon"
22237,8591148,8.569064,47.403939,440,"Zürich, Friedrichstrasse"
22238,8591149,8.507997999999999,47.364284999999995,443,"Zürich, Friesenberg"
22239,8591150,8.502400999999999,47.361117,487,"Zürich, Friesenberghalde"
22240,8591151,8.505094,47.362063,466,"Zürich, Friesenbergstrasse"
22241,8591152,8.562617999999999,47.404236,449,"Zürich, Frohburg"
22242,8591153,8.510044,47.421960999999996,454,"Zürich, Fronwald"
22243,8591154,8.51915,47.335136,434,"Zürich, Frymannstrasse"
22244,8591155,8.480433999999999,47.414442,501,"Zürich, Geeringstrasse"
22245,8591156,8.552526,47.387297,565,"Zürich, Germaniastrasse"
22246,8591158,8.485954,47.410731,506,"Zürich, Giblenstrasse"
22247,8591159,8.581760000000001,47.401601,435,"Zürich, Glattwiesen"
22248,8591160,8.519333999999999,47.414093,462,"Zürich, Glaubtenstrasse"
22249,8591161,8.518689,47.413659,466,"Zürich, Glaubtenstrasse Süd"
22250,8591162,8.599304,47.360975,615,"Zürich, Glockenacker"
22251,8591163,8.487931,47.37189,441,"Zürich, Goldackerweg"
22252,8591164,8.550158999999999,47.386204,517,"Zürich, Goldauerstrasse"
22253,8591165,8.490082000000001,47.386964,405,"Zürich, Grimselstrasse"
22254,8591167,8.489212,47.39523,398,"Zürich, Grünaustrasse"
22255,8591168,8.540142999999999,47.395709000000004,478,"Zürich, Guggachstrasse"
22256,8591169,8.519974000000001,47.380311,408,"Zürich, Güterbahnhof"
22257,8591170,8.506086999999999,47.372003,420,"Zürich, Gutstrasse"
22258,8591171,8.551145,47.386501,538,"Zürich, Hadlaubstrasse"
22259,8591172,8.555531,47.414406,426,"Zürich, Hagenholz"
22260,8591173,8.54838,47.380294,471,"Zürich, Haldenbach"
22261,8591174,8.544513,47.379647,431,"Zürich, Haldenegg"
22262,8591175,8.555864,47.410706,426,"Zürich, Hallenbad Oerlikon"
22263,8591176,8.497474,47.396351,398,"Zürich, Hardhof"
22264,8591177,8.514532,47.382341,407,"Zürich, Hardplatz"
22265,8591178,8.504503999999999,47.394163,401,"Zürich, Hardturm"
22266,8591180,8.565031,47.360424,446,"Zürich, Hedwigsteig"
22267,8591181,8.576328,47.404713,428,"Zürich, Heerenwiesen"
22268,8591182,8.510221000000001,47.356331,477,"Zürich, Hegianwandweg"
22269,8591183,8.543295,47.37007,409,"Zürich, Helmhaus"
22270,8591184,8.525362,47.376357,411,"Zürich, Helvetiaplatz"
22271,8591185,8.564962,47.408530999999996,431,"Zürich, Herbstweg"
22272,8591186,8.509165,47.384828000000006,406,"Zürich, Herdernstrasse"
22273,8591187,8.543489,47.422878000000004,446,"Zürich, Hertensteinstrasse"
22274,8591188,8.572705000000001,47.407528000000006,429,"Zürich, Herzogenmühlestrasse"
22275,8591189,8.564619,47.381657000000004,613,"Zürich, Heubeeriweg"
22276,8591190,8.506353,47.369409999999995,427,"Zürich, Heuried"
22277,8591191,8.538655,47.419875,452,"Zürich, Himmeri"
22278,8591192,8.555278999999999,47.379615,512,"Zürich, Hinterbergstrasse"
22279,8591193,8.543213,47.399997,474,"Zürich, Hirschwiesenstrasse"
22280,8591194,8.591163,47.403253,428,"Zürich, Hirzenbach"
22281,8591195,8.511037,47.367945,426,"Zürich, Höfliweg"
22282,8591196,8.561557,47.373366,490,"Zürich, Hofstrasse"
22283,8591197,8.490207,47.401346000000004,419,"Zürich, Hohenklingensteig"
22284,8591198,8.565037,47.366999,475,"Zürich, Hölderlinsteig"
22285,8591199,8.563011999999999,47.365759999999995,456,"Zürich, Hölderlinstrasse"
22286,8591200,8.496615,47.423802,449,"Zürich, Holzerhurd"
22287,8591201,8.504733,47.404937,519,"Zürich, Hönggerberg"
22288,8591202,8.554404,47.369468,430,"Zürich, Hottingerplatz"
22289,8591203,8.499471,47.376876,413,"Zürich, Hubertus"
22290,8591204,8.526997999999999,47.358540000000005,420,"Zürich, Hügelstrasse"
22291,8591205,8.526536,47.365066,425,"Zürich, Hürlimannplatz"
22292,8591206,8.522863000000001,47.416885,446,"Zürich, Hürstholz"
22293,8591207,8.543861,47.43124,461,"Zürich, Im Ebnet"
22294,8591208,8.503364999999999,47.373611,417,"Zürich, Im Gut"
22295,8591209,8.507712,47.359269,472,"Zürich, Im Hagacker"
22296,8591210,8.5127,47.328234,475,"Zürich, Im Hüsli"
22297,8591211,8.576933,47.38463,596,"Zürich, Im Klösterli"
22298,8591212,8.574366,47.348116999999995,469,"Zürich, Im Walder"
22299,8591213,8.508836,47.401427000000005,530,"Zürich, Im Wingert"
22300,8591214,8.491626,47.369239,440,"Zürich, In der Ey"
22301,8591215,8.474875,47.398436,395,"Zürich, Juchhof"
22302,8591216,8.528213000000001,47.348003999999996,430,"Zürich, Jugendherberge"
22303,8591217,8.531051,47.341815000000004,436,"Zürich, Kalchbühlweg"
22304,8591218,8.52101,47.374598,412,"Zürich,Kalkbreite/Bhf.Wiedikon"
22305,8591219,8.530305,47.378469,409,"Zürich, Kanonengasse"
22306,8591220,8.550526,47.372717,437,"Zürich, Kantonsschule"
22307,8591221,8.571202,47.361155,485,"Zürich, Kapfstrasse"
22308,8591222,8.494925,47.385355,403,"Zürich, Kappeli"
22309,8591223,8.498242,47.402964000000004,465,"Zürich, Kappenbühlweg"
22310,8591224,8.540906,47.430018,452,"Zürich, Käshaldenstrasse"
22311,8591225,8.562373,47.415203000000005,425,"Zürich, Genossenschaftsstrasse"
22312,8591226,8.510025,47.397304999999996,467,"Zürich, Kempfhofsteig"
22313,8591227,8.524265,47.374505,411,"Zürich, Kernstrasse"
22314,8591228,8.601163,47.355154,620,"Zürich, Kienastenwies"
22315,8591229,8.546334,47.388886,489,"Zürich, Kinkelstrasse"
22316,8591230,8.560235,47.376599,513,"Zürich, Kirche Fluntern"
22317,8591231,8.564148,47.37003,478,"Zürich, Klosbach"
22318,8591233,8.566497,47.364035,467,"Zürich, Klusplatz"
22319,8591234,8.536942999999999,47.429381,440,"Zürich, Köschenrüti"
22320,8591235,8.528025999999999,47.405592,491,"Zürich, Krematorium Nordheim"
22321,8591236,8.507872,47.377806,412,"Zürich, Krematorium Sihlfeld"
22322,8591237,8.539122,47.387956,444,"Zürich, Kronenstrasse"
22323,8591238,8.56103,47.384192,614,"Zürich, Krönleinstrasse"
22324,8591239,8.549141,47.370437,423,"Zürich, Kunsthaus"
22325,8591240,8.532049,47.39566,456,"Zürich, Lägernstrasse"
22326,8591241,8.53423,47.350986999999996,409,"Zürich, Landiwiese"
22327,8591242,8.549361,47.392419,521,"Zürich, Langensteinenstrasse"
22328,8591243,8.501064,47.373740000000005,417,"Zürich, Langgrütstrasse"
22329,8591244,8.544788,47.393542,489,"Zürich, Langmauerstrasse"
22330,8591245,8.517087,47.358732,436,"Zürich, Laubegg"
22331,8591246,8.53634,47.39499,470,"Zürich, Laubiweg"
22332,8591247,8.520151,47.396231,443,"Zürich, Lehenstrasse"
22333,8591248,8.544246000000001,47.4287,447,"Zürich, Leimgrübelstrasse"
22334,8591249,8.509876,47.411636,504,"Zürich, Lerchenhalde"
22335,8591250,8.509492,47.414293,497,"Zürich, Lerchenrain"
22336,8591251,8.532739,47.390571,429,"Zürich, Lettenstrasse"
22337,8591252,8.503729,47.381236,410,"Zürich, Letzigrund"
22338,8591253,8.499211,47.387772,401,"Zürich, Letzipark"
22339,8591254,8.496468,47.386365999999995,403,"Zürich, Letzipark West"
22340,8591255,8.545497,47.390684,489,"Zürich, Letzistrasse"
22341,8591256,8.551309,47.414645,428,"Zürich, Leutschenbach"
22342,8591257,8.531623,47.3846,405,"Zürich, Limmatplatz"
22343,8591258,8.486113000000001,47.387819,402,"Zürich, Lindenplatz"
22344,8591259,8.517913,47.375347,412,"Zürich, Lochergut"
22345,8591260,8.472329,47.389427000000005,424,"Zürich, Loogarten"
22346,8591261,8.594527000000001,47.359863,604,"Zürich, Loorenstrasse"
22347,8591262,8.537417,47.375892,409,"Zürich, Löwenplatz"
22348,8591263,8.585875,47.406877,428,"Zürich, Luchswiesen"
22349,8591264,8.581391,47.406013,428,"Zürich, Luegisland"
22350,8591265,8.493575,47.389433000000004,399,"Zürich, Luggwegstrasse"
22351,8591266,8.526389,47.407848,484,"Zürich, Maienweg"
22352,8591267,8.532099,47.416204,439,"Zürich, Maillartstrasse"
22353,8591268,8.520352,47.336969,435,"Zürich, Manegg"
22354,8591269,8.521632,47.365445,416,"Zürich, Manesseplatz"
22355,8591270,8.515375,47.33035,457,"Zürich, Marbachweg"
22356,8591271,8.590917,47.398641,435,"Zürich, Mattenhof"
22357,8591272,8.541331,47.414048,439,"Zürich, Max-Bill-Platz"
22358,8591273,8.550683,47.410693,431,"Zürich, Messe/Hallenstadion"
22359,8591274,8.474886999999999,47.392885,399,"Zürich, Micafil"
22360,8591275,8.495605,47.406325,498,"Zürich, Michelstrasse"
22361,8591276,8.541929,47.397490999999995,480,"Zürich, Milchbuck"
22362,8591277,8.527627,47.3796,408,"Zürich, Militär-/Langstrasse"
22363,8591278,8.514291,47.323137,484,"Zürich, Mittelleimbach"
22364,8591279,8.530141,47.343947,424,"Zürich, Morgental"
22365,8591280,8.526461,47.413955,447,"Zürich, Mötteliweg"
22366,8591281,8.498003,47.425633000000005,449,"Zürich, Mühlacker"
22367,8591282,8.534936,47.382121999999995,406,"Zürich, Museum für Gestaltung"
22368,8591283,8.531557000000001,47.360719,418,"Zürich, Museum Rietberg"
22369,8591284,8.473974,47.390924,408,"Zürich, Neeserweg"
22370,8591285,8.525025999999999,47.411845,457,"Zürich, Neuaffoltern"
22371,8591286,8.534944,47.332927000000005,474,"Zürich, Neubühl"
22372,8591287,8.54735,47.372774,421,"Zürich, Neumarkt"
22373,8591288,8.543185000000001,47.377555,409,"Zürich, Neumühlequai/HB"
22374,8591289,8.538206,47.416703999999996,439,"Zürich, Neunbrunnen"
22375,8591290,8.531072,47.403576,478,"Zürich, Nordheimstrasse"
22376,8591291,8.536163,47.388326,429,"Zürich, Nordstrasse"
22377,8591292,8.533436,47.392256,438,"Zürich, Nürenbergstrasse"
22378,8591293,8.532816,47.410477,452,"Zürich, Oberwiesenstrasse"
22379,8591294,8.554206,47.417584999999995,426,"Zürich, Oerlikerhus"
22380,8591296,8.534142999999998,47.388011999999996,423,"Zürich, Okenstrasse"
22381,8591297,8.566168,47.416722,427,"Zürich, Orionstrasse"
22382,8591298,8.542416000000001,47.38519,448,"Zürich, Ottikerstrasse"
22383,8591299,8.538765,47.369366,409,"Zürich, Paradeplatz"
22384,8591300,8.590558,47.356907,594,"Zürich, Stodolastrasse"
22385,8591302,8.517703,47.399654,514,"Zürich, Pflegezentr. Käferberg"
22386,8591303,8.55264,47.375008,453,"Zürich, Platte"
22387,8591304,8.532958,47.344469000000004,413,"Zürich, Post Wollishofen"
22388,8591305,8.586592999999999,47.400222,436,"Zürich, Probstei"
22389,8591306,8.528753,47.386741,404,"Zürich, Quellenstrasse"
22390,8591307,8.535186,47.401981,466,"Zürich, Radiostudio"
22391,8591308,8.514666,47.362747999999996,428,"Zürich, Räffelstrasse"
22392,8591309,8.542879,47.371738,409,"Zürich, Rathaus"
22393,8591310,8.474107,47.386173,426,"Zürich, Rautihalde"
22394,8591311,8.484091000000001,47.383349,410,"Zürich, Rautistrasse"
22395,8591312,8.514972,47.3969,454,"Zürich, Rebbergsteig"
22396,8591314,8.539275,47.408823,451,"Zürich, Regensbergbrücke"
22397,8591315,8.582979,47.351027,522,"Zürich, Rehalp"
22398,8591316,8.538457000000001,47.373065999999994,411,"Zürich, Rennweg"
22399,8591317,8.535041,47.363384,408,"Zürich, Rentenanstalt"
22400,8591318,8.558183,47.414479,426,"Zürich, Riedbach"
22401,8591319,8.559269,47.410646,427,"Zürich, Riedgraben"
22402,8591320,8.479578,47.409925,465,"Zürich, Riedhofstrasse"
22403,8591322,8.529264,47.381933000000004,406,"Zürich, Röntgenstrasse"
22404,8591323,8.525464,47.394328,425,"Zürich, Rosengartenstrasse"
22405,8591324,8.540500999999999,47.388662,455,"Zürich, Röslistrasse"
22406,8591325,8.57698,47.402953000000004,433,"Zürich, Roswiesen"
22407,8591326,8.536118,47.391277,446,"Zürich, Rotbuchstrasse"
22408,8591327,8.543238,47.374352,407,"Zürich, Rudolf-Brun-Brücke"
22409,8591328,8.477314,47.413453000000004,491,"Zürich, Rütihof"
22410,8591329,8.520405,47.357864,420,"Zürich, Saalsporthalle"
22411,8591330,8.562863,47.410809,430,"Zürich, Saatlenstrasse"
22412,8591331,8.495515,47.374385,418,"Zürich, Sackzelg"
22413,8591332,8.54848,47.406082,453,"Zürich, Salersteig"
22414,8591333,8.471766,47.387705,428,"Zürich, Salzweg"
22415,8591334,8.503372,47.386564,403,"Zürich, SBB-Werkstätte"
22416,8591335,8.538708,47.39163,458,"Zürich, Schaffhauserplatz"
22417,8591336,8.550895,47.389741,543,"Zürich, Schäppiweg"
22418,8591338,8.506933,47.416197,487,"Zürich, Schauenberg"
22419,8591339,8.544232000000001,47.38779,475,"Zürich, Scheuchzerstrasse"
22420,8591340,8.574145,47.362592,497,"Zürich, Schlyfi"
22421,8591341,8.519264,47.370153,414,"Zürich, Schmiede Wiedikon"
22422,8591342,8.536346,47.42613,434,"Zürich, Schönauring"
22423,8591343,8.563873,47.405941999999996,432,"Zürich, Schörlistrasse"
22424,8591344,8.494202,47.372274,424,"Zürich, Schulhaus Altweg"
22425,8591345,8.477772,47.384593,427,"Zürich, Schulhaus Buchlern"
22426,8591346,8.514788000000001,47.412094,485,"Zürich, Schumacherweg"
22427,8591347,8.579597,47.408837,426,"Zürich, Schürgistrasse"
22428,8591348,8.497050999999999,47.409729999999996,523,"Zürich, Schützenhaus Höngg"
22429,8591349,8.571503,47.40459,436,"Zürich, Schwamendingerplatz"
22430,8591350,8.520686,47.423858,443,"Zürich, Schwandenholz"
22431,8591351,8.502699,47.364775,456,"Zürich, Schweighof"
22432,8591352,8.535511,47.35988,408,"Zürich, Schweizer Rück"
22433,8591353,8.504616,47.39973,457,"Zürich, Schwert"
22434,8591354,8.549777,47.421864,432,"Zürich, Seebach"
22435,8591355,8.54837,47.419863,436,"Zürich, Seebacherplatz"
22436,8591357,8.538136999999999,47.338915,409,"Zürich, Seerose"
22437,8591358,8.48997,47.407447,487,"Zürich, Segantinistrasse"
22438,8591360,8.592969,47.355776,598,"Zürich, Segeten"
22439,8591361,8.48435,47.391802,398,"Zürich, Seidelhof"
22440,8591362,8.548364999999999,47.385915999999995,493,"Zürich, Seilbahn Rigiblick"
22441,8591363,8.494499000000001,47.378586,412,"Zürich, Siemens"
22442,8591364,8.557623,47.36323,429,"Zürich, Signaustrasse"
22443,8591365,8.522261,47.357973,419,"Zürich, Sihlcity"
22444,8591366,8.523031,47.360061,420,"Zürich, Sihlcity Nord"
22445,8591367,8.534203,47.376093,409,"Zürich, Sihlpost/HB"
22446,8591368,8.537605000000001,47.379875,407,"Zürich, Sihlquai/HB"
22447,8591369,8.534574000000001,47.372267,411,"Zürich, Sihlstrasse"
22448,8591370,8.514661,47.326417,478,"Zürich, Sihlweidstrasse"
22449,8591371,8.493488000000001,47.405112,471,"Zürich, Singlistrasse"
22450,8591372,8.488495,47.387725,403,"Zürich, Solidapark"
22451,8591373,8.543692,47.382839000000004,447,"Zürich, Sonneggstrasse"
22452,8591374,8.504999,47.391729999999995,401,"Zürich, Sportweg"
22453,8591375,8.552258,47.367492,425,"Zürich, Sprecherstrasse"
22454,8591376,8.552218,47.382056,506,"Zürich, Spyriplatz"
22455,8591377,8.556199000000001,47.386254,601,"Zürich, Spyristeig"
22456,8591378,8.541471000000001,47.335042,411,"Zürich, Stadtgrenze"
22457,8591379,8.542811,47.37996,415,"Zürich, Stampfenbachplatz"
22458,8591380,8.535386,47.420086,454,"Zürich, Staudenbühl"
22459,8591381,8.529249,47.373424,411,"Zürich, Stauffacher"
22460,8591382,8.546231,47.410070000000005,443,"Zürich, Sternen Oerlikon"
22461,8591383,8.533919000000001,47.416394,438,"Zürich, Stierenried"
22462,8591384,8.53501,47.367702,409,"Zürich, Stockerstrasse"
22463,8591385,8.511718,47.35307,476,"Zürich, Strassenverkehrsamt"
22464,8591386,8.547348,47.393724,509,"Zürich, Strickhof"
22465,8591387,8.534297,47.354927,409,"Zürich, Sukkulentensammlung"
22466,8591388,8.529611000000001,47.327086,467,"Zürich, Sunnau"
22467,8591389,8.568009,47.378538,575,"Zürich, Susenbergstrasse"
22468,8591390,8.509647,47.369946,424,"Zürich, Talwiesenstrasse"
22469,8591391,8.515655,47.388789,402,"Zürich, Technopark"
22470,8591392,8.527807000000001,47.350184999999996,427,"Zürich, Thujastrasse"
22471,8591393,8.551798,47.401903000000004,463,"Zürich, Tierspital"
22472,8591394,8.564949,47.370976,484,"Zürich, Titlisstrasse"
22473,8591396,8.587199,47.383494,599,"Zürich, Tobelhof"
22474,8591397,8.559347,47.379090000000005,532,"Zürich, Toblerplatz"
22475,8591398,8.510581,47.390041,401,"Zürich, Toni-Areal"
22476,8591399,8.5986,47.3542,609,"Zürich, Trichtenhausenfussweg"
22477,8591400,8.60107,47.353914,618,"Zürich, Trichtisal"
22478,8591401,8.496773,47.366386,465,"Zürich, Triemlispital"
22479,8591402,8.49434,47.39798,401,"Zürich, Tüffenwies"
22480,8591403,8.568882,47.405965,434,"Zürich, Tulpenstrasse"
22481,8591404,8.532528999999998,47.366141999999996,409,"Zürich, Tunnelstrasse"
22482,8591405,8.513962,47.356737,452,"Zürich, Uetlihof"
22483,8591406,8.544829,47.396159000000004,487,"Zürich, Universität Irchel"
22484,8591407,8.511847,47.424588,447,"Zürich, Unteraffoltern"
22485,8591408,8.483386,47.379829,420,"Zürich, Untermoosstrasse"
22486,8591410,8.52538,47.340826,469,"Zürich, Verenastrasse"
22487,8591411,8.54907,47.383542999999996,490,"Zürich, Vogelsangstrasse"
22488,8591412,8.554519,47.376870000000004,480,"Zürich, Voltastrasse"
22489,8591413,8.484082,47.39435,396,"Zürich, Vulkanstrasse"
22490,8591414,8.526506,47.361666,419,"Zürich, Waffenplatz-/Bederstr."
22491,8591415,8.525748,47.361484000000004,419,"Zürich, Waffenplatzstrasse"
22492,8591416,8.513542999999999,47.398973,532,"Zürich, Waidbadstrasse"
22493,8591417,8.518400999999999,47.3955,428,"Zürich, Waidfussweg"
22494,8591418,8.524783,47.423946,449,"Zürich, Waidhof"
22495,8591419,8.521708,47.399165999999994,492,"Zürich, Waidspital"
22496,8591420,8.557675999999999,47.40423,452,"Zürich, Waldgarten"
22497,8591421,8.568546000000001,47.373244,543,"Zürich, Waldhaus Dolder"
22498,8591423,8.491627000000001,47.402772999999996,448,"Zürich, Wartau"
22499,8591424,8.582443,47.358733,563,"Zürich, Waserstrasse"
22500,8591425,8.528514999999999,47.397789,477,"Zürich, Weihersteig"
22501,8591427,8.526843,47.372322,411,"Zürich, Werd"
22502,8591428,8.482016999999999,47.397832,396,"Zürich, Werdhölzli"
22503,8591429,8.568626,47.360155,450,"Zürich, Wetlistrasse"
22504,8591430,8.532893,47.336779,455,"Zürich, Widmerstrasse"
22505,8591431,8.495958,47.404064,469,"Zürich, Wieslergasse"
22506,8591432,8.596809,47.355216,602,"Zürich, Wiesliacher"
22507,8591433,8.548214999999999,47.383192,486,"Zürich, Winkelriedstrasse"
22508,8591434,8.494567,47.400056,407,"Zürich, Winzerhalde"
22509,8591435,8.486373,47.403765,435,"Zürich, Winzerstrasse"
22510,8591436,8.486127,47.403371,433,"Zürich, Winzerstrasse Süd"
22511,8591437,8.523574,47.392592,409,"Zürich, Wipkingerplatz"
22512,8591438,8.585246000000001,47.359181,585,"Zürich, Witikon Zentrum"
22513,8591439,8.530161,47.338442,450,"Zürich, Wollishofen"
22514,8591440,8.566544,47.351846,457,"Zürich, Wonnebergstrasse"
22515,8591441,8.497589,47.358821999999996,543,"Zürich, Zielweg"
22516,8591442,8.571557,47.381571,610,"Zürich, Zoo"
22517,8591443,8.578089,47.380499,601,"Zürich, Zoo/Forrenweid"
22518,8591444,8.564107,47.378729,554,"Zürich, Zürichbergstrasse"
22519,8591445,8.597881,47.357048999999996,620,"Zürich, Zweiackerstrasse"
22520,8591446,8.496808,47.402186,455,"Zürich, Zwielplatz"
22521,8591447,8.515955,47.371506,416,"Zürich, Zwinglihaus"
22522,8591448,8.513769,47.37669,412,"Zürich, Zypressenstrasse"
22847,8591824,8.518324,47.362966,422,"Zürich, Binz"
22848,8591825,8.638613000000001,47.361131,565,"Benglen, Bodenacher"
22849,8591826,8.627972,47.357094000000004,629,"Binz bei Maur, Post"
22850,8591828,8.641001,47.351391,608,"Ebmatingen, Dorf"
22852,8591830,8.557159,47.419958,427,"Glattpark, Glattpark"
22853,8591831,8.59808,47.382009000000004,567,"Gockhausen, Dorf"
22854,8591832,8.617545,47.362697,621,"Pfaffhausen, Müseren"
22855,8591833,8.448752,47.413167,416,"Unterengstringen, Sennenbüel"
22893,8591896,8.492583999999999,47.392258,408,"Zürich, Würzgraben"
22900,8591903,8.596038,47.348351,589,"Zollikerberg, Spital"
24369,8593523,8.549053,47.445627,420,"Zürich Flughafen, Im Rohr"
24375,8593529,8.448051,47.409044,390,"Unterengstringen, Langwisen"
24905,8594185,8.559211,47.420522999999996,425,"Glattpark, Wright-Strasse"
24906,8594186,8.596886999999999,47.415456,460,"Wallisellen, Haldenstrasse"
24907,8594187,8.593649000000001,47.415264,450,"Wallisellen, Friedhof"
24908,8594188,8.599578,47.415528,460,"Wallisellen, Schulhaus Bürgli"
24909,8594189,8.600624,47.413026,440,"Wallisellen, Säntisstrasse"
24910,8594190,8.596953,47.413639,440,"Wallisellen, Guggenbühlstrasse"
24912,8594198,8.598064,47.409292,440,"Wallisellen, Glatt (Tram)"
24943,8594236,8.530663,47.445685,460,"Rümlang, Hörnlistrasse"
24944,8594239,8.519445,47.387575,404,"Zürich, Schiffbau"
24953,8594249,8.630014,47.361409,450,"Benglen, Langwis"
24954,8594250,8.630063999999999,47.357711,450,"Binz bei Maur, Bautacher"
24955,8594252,8.539436,47.326192,450,"Kilchberg ZH, Breitloo"
24956,8594253,8.538149,47.329209000000006,450,"Kilchberg ZH, Emilienheim"
24957,8594254,8.538117999999999,47.331565999999995,450,"Kilchberg ZH, Obere Hornhalde"
24958,8594255,8.547432,47.392022999999995,450,"Zürich, Schanzackerstrasse"
24963,8594261,8.601731,47.401249,430,"Dübendorf, Hochbord"
25029,8594338,8.634107,47.416427,440,"Brüttisellen, Neuwisen"
25204,8594553,8.571556,47.432645,430,"Opfikon, Schwimmbad"
25349,8594732,8.449314999999999,47.413494,416,"Unterengstringen, Sennenbüel N"
25591,8595073,8.612612,47.420029,448,"Dietlikon, Fuchshalde"
25592,8595074,8.6082,47.425543,472,"Dietlikon, Hinentalstrasse"
25593,8595075,8.614949000000001,47.417226,444,"Dietlikon, In Lampitzäckern"
25594,8595076,8.616927,47.430554,470,"Dietlikon, Klimmweg"
25595,8595077,8.611864,47.42457,472,"Dietlikon, Lettenstrasse"
25596,8595078,8.619424,47.430799,470,"Dietlikon, Lindenstrasse"
25597,8595080,8.614148,47.422982,468,"Dietlikon, Riedenerstrasse"
25598,8595081,8.618244,47.423012,457,"Dietlikon, Zentrum"
25638,8595128,8.616586,47.428318,455,"Dietlikon, Pünten"
25639,8595129,8.619533,47.428549,450,"Dietlikon, Rebackerweg"
25877,8595406,8.556299000000001,47.293755,491,"Thalwil, Sonnenberg"
26119,8595709,8.528466,47.452389000000004,440,"Rümlang, Heuelstrasse"
26120,8595710,8.536358,47.4486,430,"Rümlang, Ifangstrasse"
26121,8595711,8.525541,47.446822,460,"Rümlang, Chilestieg"
26122,8595712,8.536871000000001,47.452265000000004,420,"Rümlang, Hofwisenunterführung"
26123,8595713,8.527134,47.448840000000004,450,"Rümlang, Zürichweg"
26127,8595717,8.53005,47.31295,435,"Adliswil, Grundstrasse"
26279,8595899,8.519652,47.414747,461,"Zürich, Glaubtenstrasse Nord"
26397,8596100,8.610711,47.444461,446,"Bassersdorf, Sportanlage"
26399,8596113,8.600464,47.399004,434,"Dübendorf, Hochbord Süd"
